Set1,Set2,Score,IsLinkValid
25,107,0.4905410444495144,true
10,94,0.4306948749159365,false
10,100,0.39843994624244417,false
25,110,0.3927350527719481,true
25,108,0.3875113941368317,true
25,111,0.3803625666765123,true
25,109,0.3766069138599962,true
10,95,0.36239217183980665,false
25,112,0.36175853694304166,true
25,113,0.3595421456584001,true
10,99,0.3541039138017658,false
10,98,0.3387766615263023,false
10,96,0.3348339190732059,false
10,97,0.3328709846489271,false
14,82,0.3202136469635027,true
16,88,0.31005828910599087,false
14,95,0.3065693559562086,false
16,89,0.3050592928758624,false
14,81,0.29936367182265694,true
23,72,0.2974382846465028,false
14,84,0.29367872329322986,true
25,58,0.2920128467385252,false
15,104,0.2902825645497017,true
7,51,0.2877892116103892,true
23,73,0.28770790687082726,false
23,74,0.2845223372240086,false
14,92,0.2839785052581158,true
16,83,0.283555287439773,false
14,83,0.2831029916091982,true
23,70,0.28247122884686104,false
14,97,0.2786552579083944,false
23,67,0.27832580784652405,false
7,56,0.277855254062579,true
23,75,0.27504549557290636,false
15,88,0.2741663321161378,false
23,68,0.2714596523388074,false
16,92,0.2707491451896082,false
15,89,0.26974601339275023,false
23,78,0.26926139483516615,false
16,84,0.26914087296170464,false
16,81,0.26793065828263996,false
23,69,0.2676616879014237,false
23,66,0.26438872933730767,false
7,54,0.26373864014770243,true
25,61,0.2629585709962137,false
7,55,0.26076574352309806,true
7,53,0.2584545971901435,true
7,52,0.2579316334473015,true
23,76,0.25696191807487884,false
18,82,0.2566998274957064,false
16,87,0.2565663777337939,false
23,79,0.25615175051219347,false
23,77,0.2558927504932042,false
6,94,0.25284943056426057,false
14,85,0.2517584614333046,true
15,83,0.25035838830391766,false
15,101,0.24967224936837684,true
13,94,0.2489344721043281,false
17,72,0.24791958481155504,false
17,70,0.24420916475924775,false
6,96,0.24419514794023392,false
16,90,0.24291511570332056,false
16,82,0.24266508327537284,false
17,73,0.24152851457136812,false
16,86,0.2413316144653616,false
6,95,0.2405120189497449,false
14,89,0.23993876951793322,true
15,92,0.2390515099766251,false
17,74,0.23781963483739602,false
15,84,0.23763152431327403,false
15,81,0.23755388819421788,false
16,85,0.23604810560209274,false
10,92,0.23520046257905694,false
17,67,0.23462996418940163,false
25,60,0.23459205208041803,false
17,69,0.23388189743762708,false
16,104,0.23376869913560785,false
15,102,0.2325826565141892,true
18,72,0.2314674739146311,true
17,75,0.23079639691015533,false
18,67,0.23012293064924738,true
23,71,0.23000366115827442,false
17,78,0.22936727622362374,false
17,68,0.2290401379204358,false
25,59,0.22892721776474748,false
18,70,0.22800206299933617,true
20,61,0.22759787508677168,true
15,87,0.22652917320771163,false
18,73,0.2262009452185794,true
27,92,0.22573614338333492,false
6,98,0.22484936666778452,false
17,66,0.22457353633156585,false
27,84,0.22439525209452504,false
18,74,0.22230895403204406,true
20,58,0.22042255827159501,true
18,69,0.21901865053051506,true
18,66,0.21815488179374273,true
7,57,0.2178266968155435,true
16,91,0.21628894903869256,false
18,75,0.21610858872268032,true
15,90,0.2154879030621544,false
17,76,0.2153196697951879,false
17,77,0.21528760699281285,false
18,68,0.21497100855960743,true
17,79,0.21488242280244158,false
22,89,0.21434766427946317,false
15,82,0.21425535631869413,false
15,86,0.21408319277775673,false
14,88,0.21353294370855233,true
10,84,0.21194919119117328,false
18,78,0.21178015031062836,true
27,91,0.2103705104778525,false
22,88,0.21001285105440895,false
15,106,0.20992518330002616,true
15,85,0.20939623765576,false
22,81,0.20876865804148412,false
4,72,0.2077455448795256,false
14,99,0.20617652733836328,false
15,105,0.2061491891304403,true
6,100,0.20600935264887268,false
18,81,0.20541085225226385,false
4,67,0.20528370649140534,false
4,70,0.20463688327994917,false
27,82,0.2023211559689938,false
4,73,0.2020995625111109,false
18,76,0.2018744012334007,true
18,77,0.20181446370548,true
18,79,0.20146911984546403,true
14,100,0.20076638912515768,false
4,74,0.19916974231551737,false
13,95,0.1979772638611109,false
16,94,0.1978113828641716,true
4,66,0.1972209956184179,false
10,91,0.19695440570223974,false
14,94,0.19683983406854055,false
16,96,0.19681669098314045,true
14,91,0.19626110877010525,true
4,69,0.19570992252397532,false
14,90,0.19397979176788363,true
4,75,0.19313657217793992,false
14,86,0.1927152873358967,true
15,91,0.19186806036717918,false
4,78,0.1915479578452897,false
4,68,0.19145661090308347,false
10,82,0.19109943266726417,false
17,71,0.19108380806558212,false
18,84,0.18938622466779853,false
16,93,0.1892897757797303,false
14,98,0.18926637969482485,false
27,89,0.18908150463069728,false
27,100,0.18889374137749562,false
22,83,0.18818093662826677,false
27,81,0.1876274753998944,false
22,90,0.18742174276265625,false
22,86,0.18619998856746833,false
22,92,0.18617890189233738,false
9,100,0.1857525052083424,false
18,83,0.18556105477281445,false
22,84,0.18507298387687948,false
14,102,0.18472645474840532,false
16,102,0.18438263583687592,false
14,101,0.18392465259604396,false
20,60,0.18342067090275946,true
13,96,0.18292200631560218,false
22,85,0.1821234845747518,false
13,98,0.18184098537052326,false
3,94,0.1816839075726666,false
4,76,0.18007837464378004,false
4,77,0.18006395306398462,false
4,79,0.17939981519029288,false
16,97,0.1790994424526811,true
20,59,0.17899150247391138,true
23,80,0.17887800121396297,false
18,85,0.1785439124738786,false
18,71,0.1781475512148159,true
14,103,0.17794735243501214,false
20,65,0.17771713052615692,true
16,101,0.1776632106888924,false
15,103,0.17744875890649717,true
30,90,0.17677437617517883,false
14,93,0.1763581471862636,true
13,99,0.17569014998153507,false
19,61,0.1752222258141618,false
13,100,0.17503737265660607,false
10,89,0.17390360441742791,false
14,87,0.17375688036721226,true
27,97,0.17371746942060654,false
22,91,0.17296819050291543,false
30,85,0.17110919427455892,false
18,95,0.17063829567237332,false
30,91,0.17000987149838254,false
30,81,0.1693069807484108,false
15,93,0.16921011268789313,false
27,93,0.16870649643759308,false
6,97,0.1683743460673874,false
20,62,0.1675935458532041,true
20,63,0.16745790035414226,true
22,82,0.16686707801120537,false
15,96,0.16648612520233752,false
27,83,0.16630601820563612,false
20,107,0.16596173035298684,false
10,103,0.16585706399158795,false
27,90,0.16579404331269948,false
9,102,0.16482822904032715,false
27,86,0.1647132745343888,false
9,97,0.16417913152877084,false
22,87,0.16411338086544527,false
27,103,0.1641079816201726,false
10,81,0.16356067501541197,false
27,99,0.162130136256588,false
9,92,0.16139537438327511,false
9,106,0.16124482314628075,false
27,85,0.16110718236188817,false
30,83,0.16085771283741213,false
30,89,0.160728604122657,false
18,92,0.1606821729734205,false
9,84,0.16043667256299446,false
4,71,0.1602258148199078,false
16,106,0.15997909427755067,false
15,94,0.15968603174661283,false
30,92,0.15926112581273397,false
30,86,0.15865175453946462,false
9,105,0.15834445882359696,false
26,89,0.15776414737380998,false
5,72,0.1573642737730748,false
16,105,0.15710149704147108,false
18,97,0.15709771193872527,false
16,103,0.1569111131093466,false
6,99,0.1563958424194705,false
5,67,0.15621142560969495,false
20,110,0.15557035638132646,false
9,101,0.1555179800952248,false
5,70,0.15500922721772567,false
22,93,0.1541131264239554,false
16,95,0.1539131778539387,true
26,88,0.15375955587198906,false
9,95,0.1535587211039895,false
20,108,0.15350115876389012,false
5,73,0.1532486552829142,false
10,83,0.1531584325348588,false
9,99,0.15206953760072703,false
9,103,0.15169042746864989,false
20,64,0.15131322284002988,true
17,80,0.15111616767668104,false
5,74,0.1509306133278295,false
10,90,0.15069122193237888,false
20,111,0.15066936254946792,false
8,92,0.15061450798636794,false
9,91,0.15023059669146724,false
30,84,0.14992615093371908,false
8,84,0.14971984540065894,false
10,86,0.14970890456695438,false
20,112,0.14957837030530957,false
5,66,0.14957724665804326,false
19,65,0.14946497603647765,false
20,109,0.14918167194740392,false
30,82,0.14913479435913368,false
9,94,0.1487698898132304,false
20,113,0.14866194633058585,false
5,69,0.14839867661553627,false
30,88,0.14711109014809623,false
5,75,0.1464426562107038,false
10,85,0.14643130529368012,false
10,93,0.14587944162177638,false
13,97,0.14580061762486887,false
5,78,0.1454561840935599,false
5,68,0.14528562464963057,false
10,102,0.14514573826648652,false
9,82,0.14465427744028445,false
27,102,0.14441171480309764,false
20,76,0.14409309015803143,false
10,106,0.1435254482186729,false
27,95,0.14310462933553358,false
20,77,0.14235179146400004,false
10,101,0.14175869184031176,false
18,80,0.14118208375321845,true
27,101,0.14094591860692385,false
10,105,0.14094380819272925,false
30,93,0.14044301884711496,false
8,91,0.13974767965995422,false
15,97,0.1396514425491995,false
27,105,0.13927666723354692,false
26,83,0.13894533692645702,false
14,96,0.1384658965116197,false
26,92,0.13812588172091378,false
22,96,0.13779214060238437,false
27,106,0.1374219265703001,false
16,99,0.1373436306742393,true
26,84,0.13730540260408827,false
26,81,0.13723221353261553,false
5,76,0.13660083275205692,false
5,77,0.13658300658172232,false
5,79,0.1362599531947085,false
15,99,0.13533847485940179,false
8,82,0.13499168057352776,false
20,67,0.13490186027398965,false
14,104,0.13424676032706212,false
18,94,0.1340704147165891,false
22,105,0.13355005112957005,false
30,87,0.13341629877333483,false
14,105,0.13248958299141622,false
20,78,0.13247643095340914,false
20,73,0.13243750800445797,false
20,66,0.1323971981338838,false
22,94,0.13217630077508383,false
14,106,0.1309620293841673,false
9,89,0.13033807807273098,false
30,95,0.13018428512561223,false
22,104,0.13000888209459605,false
8,81,0.13000292391309579,false
22,101,0.12979912296534876,false
8,100,0.12978998292974941,false
9,81,0.1294468964854198,false
15,95,0.1294252136086173,false
18,103,0.12902724001785512,false
16,98,0.1287936297573502,true
9,98,0.1286585893232163,false
18,101,0.12799738853518947,false
20,69,0.1279026312100347,false
18,102,0.12705761840388316,false
25,51,0.1266719020803448,false
9,96,0.12650956868647706,false
26,90,0.12642887744731254,false
4,80,0.12633498890192382,false
1,67,0.1260268933393753,false
20,79,0.12602649448167982,false
20,75,0.12587803192069918,false
26,86,0.1256047200729477,false
3,99,0.12473239598938128,false
15,98,0.12454915666680572,false
20,72,0.12419801099028518,false
26,82,0.12379846505818748,false
20,74,0.12356812029411345,false
8,89,0.12348744315308116,false
20,70,0.12347224339350887,false
22,103,0.12306867288750736,false
8,97,0.12295333255395821,false
22,95,0.12289934898429852,false
26,85,0.12285483728927671,false
16,100,0.1227423953420848,true
1,66,0.12202165588763605,false
5,71,0.12130991107440435,false
15,100,0.12095041105756402,false
26,87,0.120550549415781,false
22,102,0.12015809071479817,false
26,93,0.11868782667490314,false
20,68,0.11833054717857994,false
22,106,0.11831673977560665,false
21,92,0.11784402907325504,false
26,91,0.11768496377334986,false
26,95,0.11751397439480729,false
3,95,0.11741951451697386,false
14,61,0.11737983240668072,false
21,84,0.11714402583206274,false
9,83,0.11472577559572403,false
27,94,0.114218461243282,false
9,90,0.11413709966795847,false
9,86,0.1133930692353608,false
30,97,0.11322330773251423,false
27,96,0.11161359219526365,false
9,93,0.11158075159319335,false
27,88,0.11132289424523419,false
21,100,0.11095296314379986,false
9,85,0.11091053793640296,false
8,99,0.11074944660246876,false
8,103,0.11043794697712388,false
24,61,0.11041632574902553,false
22,99,0.1100565568931971,false
21,91,0.1097853835510068,false
8,83,0.1086401981928017,false
9,104,0.10792561234113374,false
30,102,0.10773409253896073,false
8,90,0.10759613656151494,false
27,98,0.1074567724717711,false
26,96,0.10721262480876974,false
8,86,0.1068947449871312,false
8,93,0.10602039450874418,false
21,82,0.10562039303407736,false
25,62,0.10457127514234194,false
8,85,0.10455448246567264,false
30,99,0.10432076334029675,false
30,96,0.10296699507428421,false
22,100,0.10262652750550719,false
21,97,0.10256071854509169,false
30,103,0.1023395439435308,false
30,100,0.10207373971380283,false
24,58,0.10183923570532562,false
19,81,0.1017880883797813,false
25,63,0.1015695249979839,false
8,102,0.1013934619769504,false
8,95,0.10087496935846513,false
30,94,0.09993886707926443,false
21,81,0.09949527410819137,false
8,106,0.09932681829019822,false
8,101,0.09899756463625406,false
3,96,0.09834745288709726,false
21,95,0.0980759704120257,false
8,105,0.09754019373733898,false
30,104,0.09741638977843686,false
21,99,0.09696439834540346,false
21,89,0.09662461461375939,false
3,98,0.09588667328905334,false
10,88,0.09585596595352594,false
25,65,0.09579785499484092,false
30,106,0.095766750999543,false
5,80,0.09557514231726943,false
30,105,0.09556753536792664,false
26,104,0.0940649686455346,false
30,101,0.09404193047164437,false
26,99,0.0936479560329752,false
26,97,0.09287452310335632,false
8,66,0.09241525005394376,false
30,98,0.09184202529404241,false
25,64,0.09177716988731943,false
20,71,0.09154701577119857,false
26,94,0.09086534717174476,false
25,56,0.09060946440368801,false
8,94,0.09052577080512329,false
22,97,0.09006740735086857,false
3,100,0.08950885594664162,false
18,89,0.08924190557138194,false
11,66,0.08896922247013699,false
26,100,0.08727808524529163,false
27,87,0.08704257390155114,false
21,103,0.08680360173483849,false
18,91,0.08621462642411953,false
24,107,0.08576831684758286,false
3,97,0.08551778788759341,false
26,102,0.08490673675441758,false
21,83,0.08470432894288761,false
21,90,0.08438430058109425,false
24,112,0.0840449245646047,false
21,86,0.0838342210026885,false
24,113,0.08353000530410173,false
18,90,0.08278680026384692,false
21,101,0.08243665498402676,false
18,61,0.08228284830207372,false
18,86,0.08224713437963505,false
21,85,0.08199882595635685,false
21,93,0.08168979249460283,false
26,103,0.08105600424654598,false
21,105,0.0808496379804175,false
26,101,0.08051646742308108,false
21,94,0.08008652767869755,false
18,96,0.0784894808927486,false
22,98,0.07810562898508168,false
1,73,0.07796123100948144,false
26,98,0.07743878541595522,false
10,104,0.07676719760746584,false
14,58,0.07643907724900764,false
8,98,0.07622428632988677,false
26,105,0.07620842392757379,false
17,62,0.07615869379990542,false
21,102,0.07593230013920868,false
18,100,0.0758943980609204,false
25,87,0.07582871774575156,false
10,87,0.07511475799307164,false
18,99,0.07511327401253419,false
18,88,0.07459435021544733,false
21,106,0.07459261707798394,false
18,104,0.07456698754144114,false
1,77,0.07399566570124864,false
2,101,0.07397006488872587,false
1,76,0.07360097202369706,false
19,58,0.07309131350393266,false
26,106,0.0729363163236226,false
7,63,0.07283104722875554,false
2,67,0.07263370278305953,false
23,62,0.0725366339489311,false
8,96,0.07235647942831284,false
19,90,0.07231994552069815,false
19,86,0.07184851037377624,false
20,56,0.07115398393103033,false
25,57,0.071033964780942,false
19,62,0.07101903150272938,false
25,54,0.07071663351126696,false
18,93,0.07036963199477776,false
18,105,0.07034350235986113,false
19,85,0.07027552026962641,false
25,55,0.06991950632144261,false
9,88,0.06984388695397649,false
25,53,0.06929981522071152,false
25,52,0.0691595921751937,false
2,66,0.06898443010676093,false
8,88,0.06888434402449582,false
7,112,0.06852205557369266,false
17,102,0.06831903951250923,false
7,113,0.06810224050018363,false
17,63,0.06786943564411767,false
21,96,0.06785738360236321,false
27,104,0.06758398348381235,false
21,98,0.06752259402519978,false
20,80,0.06750790087361491,false
2,79,0.06747593842541878,false
1,69,0.06735659581963417,false
7,110,0.06733062153791347,false
1,78,0.06723346523564157,false
17,104,0.06649069891698269,false
7,60,0.0664512318391013,false
7,108,0.06643507585101369,false
25,78,0.06639017112768128,false
1,68,0.0659644727871624,false
18,58,0.06595172207357508,false
20,51,0.06591787742690752,false
7,64,0.06580937928692251,false
17,105,0.06549859503524971,false
7,111,0.06520947861243435,false
12,101,0.06506447195142086,false
7,59,0.06484659427741749,false
7,109,0.06456560830691448,false
1,70,0.06441631071856894,false
18,87,0.06439343814250353,false
19,91,0.0643928845922925,false
24,110,0.06425091365213915,false
17,101,0.06402851779289377,false
25,104,0.0640089504200135,false
2,73,0.06379814742649839,false
18,106,0.06366170980664365,false
24,108,0.06339633029487513,false
11,94,0.06332898067112945,false
25,79,0.06315780456225516,false
1,75,0.06313620005978418,false
4,62,0.06291348641747453,false
12,104,0.06263970776366877,false
1,72,0.062293557893007494,false
24,111,0.06222679196967314,false
25,76,0.06214003969829795,false
17,106,0.0619460127903575,false
7,107,0.06177313828617236,false
18,98,0.06164381930833461,false
24,109,0.06161237234219592,false
17,64,0.061326118492631705,false
1,79,0.06126812907332146,false
25,77,0.060862997461681216,false
2,77,0.06055426694361015,false
29,88,0.06039860378705435,false
11,81,0.06031342854149915,false
2,76,0.060230949737789426,false
18,56,0.059655375471639474,false
13,103,0.0590750381244912,false
23,65,0.05906431082757322,false
29,87,0.05856203478733344,false
1,74,0.05839012137678426,false
20,87,0.058338138233080435,false
12,102,0.058012407273610074,false
24,101,0.05797757408714274,false
25,98,0.05796299101166313,false
2,102,0.05728167464334304,false
12,106,0.05697112725986229,false
18,65,0.05630447515316741,false
12,105,0.055946368624494,false
20,54,0.05594334667143458,false
24,105,0.05580160510044015,false
20,57,0.05578169589505707,false
20,55,0.055312745913064704,false
18,62,0.05527423756648468,false
2,69,0.05511629363742679,false
2,78,0.05501195734017369,false
25,67,0.05493699627430504,false
20,53,0.054822513384222955,false
20,52,0.05471158408715061,false
9,87,0.0546713255665202,false
25,68,0.05443884089250053,false
25,73,0.05412707086323089,false
2,68,0.053974946637389984,false
25,66,0.05390891489043987,false
8,87,0.05387475401029528,false
24,65,0.053818229229856136,false
7,58,0.053773120137463166,false
14,60,0.05375579399866629,false
21,88,0.05355825764347673,false
25,88,0.052792621876011185,false
2,70,0.052710328563983715,false
18,60,0.0526340607597842,false
14,59,0.052457720752751825,false
17,65,0.05243773394121704,false
29,83,0.05236865991870652,false
25,69,0.05227367146523325,false
18,113,0.052222408376393956,false
4,63,0.05203299517066012,false
11,99,0.0517983990243467,false
18,63,0.051737495584355524,false
29,90,0.05169462903320337,false
2,75,0.05166118078407221,false
14,113,0.05160455624039611,false
25,75,0.05144621985537798,false
18,59,0.051363074675980704,false
29,86,0.05135764502612379,false
25,70,0.05102021077257971,false
2,72,0.05097168903016697,false
25,72,0.05075959706005047,false
25,74,0.05050216139200219,false
7,62,0.05040751610487998,false
29,85,0.05023326447907745,false
5,96,0.049466374363120624,false
18,110,0.04887159802686926,false
20,104,0.048796149863784194,false
18,108,0.04822157062737143,false
29,95,0.0481163147399103,false
2,104,0.048058568952894704,false
17,61,0.04799657296100133,false
13,92,0.047972903545112335,false
2,74,0.04777571611450145,false
8,104,0.047581764085047266,false
23,63,0.04757848225449993,false
2,105,0.04734484139190074,false
18,111,0.04733197694445907,false
1,80,0.04704135678875776,false
4,64,0.047016475046216206,false
29,104,0.04691923653581424,false
18,109,0.04686462687350976,false
24,60,0.04680248808624391,false
18,64,0.04674946468327076,false
5,101,0.046727847816993955,false
18,112,0.04658974217435557,false
13,104,0.0463906350835928,false
8,67,0.04637834967754736,false
14,110,0.04615341537157298,false
9,66,0.04615125950998596,false
23,101,0.0457117445209074,false
24,59,0.045672320468805476,false
14,108,0.04553954175615667,false
14,112,0.045522551494600966,false
29,89,0.04540660453025517,false
2,106,0.04505466318185127,false
1,61,0.04502085808923598,false
25,90,0.044836874763143415,false
11,92,0.0448313121939641,false
25,102,0.04480873800354039,false
5,62,0.04471575106729967,false
14,111,0.04469942626132861,false
25,83,0.04460348082132146,false
20,98,0.044593302940700914,false
11,84,0.04456501050613593,false
25,86,0.044544594694494406,false
19,56,0.0444689084349793,false
11,67,0.04445458493882951,false
14,109,0.04425806966937516,false
11,93,0.043881672041921914,false
25,85,0.04356937326981505,false
1,71,0.043259065120029284,false
25,105,0.042996522329779775,false
23,64,0.04299142335202146,false
24,62,0.04291378335583316,false
29,98,0.042777375761091176,false
29,81,0.042603419031116606,false
23,105,0.042524792352759244,false
20,88,0.04208443427438354,false
11,89,0.04186234349326554,false
11,97,0.04166952190948222,false
5,102,0.0416632127684474,false
21,87,0.041613316408209276,false
7,81,0.0415474504226189,false
11,95,0.04149861408716538,false
18,107,0.041340390284257435,false
17,103,0.04127439806625342,false
14,107,0.04098526688943435,false
25,97,0.04097722150226677,false
17,58,0.040962819479674714,false
13,101,0.04079975952236205,false
5,104,0.04054823012542202,false
11,69,0.040504080267831116,false
8,53,0.04028028317718043,false
11,91,0.0402182955518831,false
8,52,0.04019877900630443,false
11,82,0.04018108385632713,false
29,97,0.04005033815367837,false
4,65,0.03998680806056865,false
5,105,0.03994163472449994,false
6,92,0.03976312679115496,false
8,77,0.03976310111790425,false
19,112,0.039586734823881836,false
12,66,0.039387509168600954,false
19,113,0.03934419820044098,false
8,61,0.03918677039236807,false
2,80,0.039028246296106454,false
29,99,0.039024298033322795,false
29,96,0.03893634800017604,false
11,70,0.0387359751209683,false
19,94,0.038701452237520556,false
13,106,0.03861765743623798,false
11,58,0.03842356260795076,false
7,90,0.03830281040814412,false
29,92,0.038207798923500916,false
7,86,0.038053124226520574,false
29,84,0.03798084145017277,false
13,102,0.037934065874386524,false
13,105,0.0379230287736354,false
2,60,0.03788649765475566,false
29,102,0.03785271355868002,false
3,81,0.03772354044286884,false
5,106,0.03764449453161441,false
8,69,0.03761625015388554,false
25,71,0.037415169498645234,false
7,85,0.03722002152851186,false
29,105,0.036805693825948387,false
11,100,0.036688313731999225,false
11,83,0.036659848233762636,false
8,70,0.03642360337282728,false
21,67,0.03641267903200644,false
6,78,0.036376000186401435,false
8,113,0.03630043204256339,false
23,81,0.03578339537967342,false
9,67,0.03575927919222655,false
19,51,0.0356227007357777,false
8,68,0.03554910025065973,false
8,109,0.03553670604639206,false
16,58,0.03547778053232455,false
12,95,0.03546558081593854,false
7,61,0.035419628810135675,false
2,71,0.03539524778886617,false
19,88,0.03537175092648087,false
20,90,0.035361355635922256,false
7,78,0.035357340920563904,false
20,83,0.03517728557698897,false
19,107,0.035136655343132324,false
20,86,0.03513084404234247,false
16,62,0.03511731535208449,false
2,103,0.03508599019978436,false
5,63,0.03497512176098081,false
29,91,0.03497119770832757,false
6,67,0.03496622452159031,false
19,57,0.03486173212043271,false
11,90,0.03482356251069804,false
19,89,0.034801460578674455,false
8,58,0.034717447545915395,false
6,79,0.034604946357359063,false
11,86,0.03459655665235048,false
23,88,0.034583662110746684,false
20,102,0.03447319735070796,false
6,68,0.03447096113643446,false
20,81,0.03436813646324124,false
20,85,0.0343617192582439,false
28,95,0.034356168241885955,false
11,68,0.03432663700370825,false
6,73,0.03427354670978125,false
29,82,0.034244609345107965,false
11,73,0.034130049118148605,false
7,91,0.034104401384901305,false
23,89,0.034026077931932616,false
11,85,0.033839129101400606,false
21,80,0.03381828905715434,false
3,85,0.033794395880688596,false
7,79,0.0336358829894764,false
21,104,0.033609623531549324,false
27,58,0.03351095602787064,false
8,112,0.0333125506703436,false
6,69,0.03309996443706483,false
11,61,0.033085971123297975,false
20,105,0.033078985611054414,false
11,103,0.03302369804791992,false
4,58,0.0329256973914644,false
21,77,0.03285300569531126,false
8,73,0.032740188091491255,false
11,112,0.03267519818864577,false
6,75,0.032576017714137255,false
11,75,0.032439627391695765,false
1,62,0.03220771056155336,false
25,95,0.03216244795700222,false
6,72,0.03214124453922961,false
21,68,0.032082568093296765,false
20,97,0.03201062434926943,false
11,72,0.032006674539150265,false
6,74,0.0319782349166341,false
11,74,0.03184434741050419,false
1,58,0.031819861035085946,false
29,103,0.03179414287998596,false
6,80,0.031740334771047485,false
6,70,0.03165506759963111,false
5,64,0.03160315746037932,false
3,78,0.031565552895103585,false
6,76,0.031480497660333444,false
6,77,0.03134951355262763,false
10,58,0.031342341590621894,false
25,99,0.03132363093692235,false
11,77,0.031218258397398165,false
3,82,0.031202209008397177,false
29,93,0.031194316616210305,false
8,75,0.031118604568818268,false
29,106,0.03102568299745924,false
11,76,0.030964998898837005,false
29,101,0.030838472405961017,false
24,56,0.03082512900149813,false
8,72,0.0307032826400974,false
11,113,0.03069156196107173,false
11,88,0.03067829046606153,false
2,82,0.030602221873954956,false
29,94,0.030591504602812233,false
9,77,0.030562327160297945,false
8,74,0.030547565878430095,false
11,101,0.03045321363763734,false
3,67,0.030342209259470402,false
28,97,0.030316050658189528,false
10,62,0.03027815625083597,false
24,87,0.030264215790937493,false
7,65,0.03021302775221333,false
14,62,0.030139505364133894,false
3,79,0.030028707364142444,false
3,68,0.029912440662015073,false
11,102,0.029903945464611534,false
21,78,0.02983045185495304,false
8,76,0.029767023859689257,false
11,62,0.029761847105542034,false
3,73,0.029741132780586474,false
17,60,0.02971988537479663,false
25,96,0.02971664217181678,false
17,92,0.02963590456277834,false
25,80,0.02960670183527288,false
19,83,0.029573640648702697,false
11,106,0.029537010164240228,false
28,81,0.029357894470465086,false
30,58,0.02921313244874754,false
6,66,0.029100995932565352,false
23,83,0.02908467939402496,false
9,69,0.029048777020452596,false
11,105,0.029005718127649426,false
17,59,0.029002221562080453,false
28,92,0.028942350519765656,false
28,84,0.028770430573283122,false
3,69,0.028722747770789977,false
3,66,0.028499424733084675,false
26,58,0.02844770590433679,false
23,58,0.028394520507167058,false
21,79,0.02837808392804916,false
3,75,0.028268088987195367,false
19,92,0.028238013115807606,false
5,65,0.028216831045742085,false
9,58,0.02817569172095163,false
28,89,0.028165775902126284,false
22,58,0.02811842182388826,false
9,70,0.028112085225679394,false
21,73,0.02810631679639201,false
19,84,0.028070276991530925,false
3,103,0.028010617464871792,false
24,88,0.027917261887858574,false
3,72,0.027890811233192887,false
23,92,0.027771134705850412,false
3,74,0.027749358384114294,false
26,62,0.027744741853060678,false
13,84,0.027734683962126642,false
9,62,0.027717629475778993,false
2,81,0.027683844296275295,false
23,84,0.027606171877792327,false
11,98,0.027590094953772577,false
9,68,0.027578945900661993,false
3,70,0.027468927468495385,false
22,62,0.027423594628075684,false
12,69,0.0274067300547371,false
13,58,0.027322046974529193,false
3,76,0.027317443066016855,false
23,90,0.02731354057649525,false
28,100,0.027284046311579678,false
3,77,0.027203780602881304,false
21,69,0.027143910558633612,false
23,86,0.027135490621922866,false
29,100,0.027122277315365168,false
4,56,0.027039811924417206,false
19,93,0.026984652826842117,false
19,97,0.026879339613619643,false
27,62,0.026847524562464902,false
19,87,0.02675880928247597,false
25,101,0.026747473596621066,false
3,92,0.026735046524462597,false
21,75,0.026714243541568497,false
27,112,0.026668092279922465,false
7,70,0.026663284934683746,false
13,89,0.026649986475116846,false
28,99,0.026615543334394563,false
21,70,0.026613188836332072,false
7,69,0.026596502541690596,false
23,85,0.026541409297237344,false
13,62,0.026382403979569445,false
21,72,0.026357704059617532,false
23,87,0.026316387562544247,false
21,74,0.026224026616418386,false
12,70,0.02621035724123203,false
14,66,0.025970206640613884,false
28,82,0.025940240343678575,false
23,96,0.025920736870106757,false
14,67,0.025893564316047234,false
28,91,0.025858126879226184,false
21,76,0.02581585289791144,false
1,63,0.02579246453722348,false
2,61,0.025529953003053822,false
14,68,0.025526806552165753,false
8,62,0.025513998153004907,false
9,73,0.025499981851452677,false
3,80,0.02549744016359589,false
4,61,0.02541009121043567,false
14,73,0.025380615099602606,false
20,95,0.02536545569550446,false
19,82,0.025308961915575898,false
15,58,0.025291452688780747,false
11,104,0.025256299914057576,false
11,96,0.02523277055929661,false
23,104,0.02518338282178631,false
15,62,0.025109864577467812,false
11,78,0.0250959303260919,false
10,56,0.0250806511348297,false
13,82,0.02500638167374614,false
25,81,0.024912934570517627,false
23,82,0.024890511515105036,false
23,61,0.024834741936501325,false
28,83,0.02473768742029508,false
12,94,0.024733628441361025,false
20,99,0.024703908540016917,false
24,51,0.024699768846588394,false
20,94,0.024678136842430972,false
28,96,0.024643775641609356,false
14,69,0.024511541344156357,false
22,61,0.024470826342860005,false
23,103,0.024394511028162032,false
14,63,0.024328633688266755,false
23,91,0.024319676314548455,false
11,110,0.024304222871407006,false
9,75,0.024236997341918885,false
8,110,0.0242241440708591,false
14,70,0.024210554859100217,false
24,57,0.024165589569154204,false
14,75,0.024123542686768272,false
11,108,0.023980959228969312,false
9,72,0.023913520225193195,false
8,108,0.023901945534056925,false
2,111,0.02389111203983741,false
25,103,0.02388025960535429,false
11,79,0.023874074067304515,false
11,87,0.02385820286094129,false
14,72,0.02380157978338384,false
9,74,0.023792238863418885,false
11,80,0.023701106829293998,false
6,71,0.02369148263549053,false
14,74,0.023680866146022002,false
24,81,0.023659941843046324,false
11,71,0.023592290371287856,false
11,111,0.023538557424906948,false
13,91,0.023496163053023527,false
8,111,0.023461001378157886,false
28,90,0.023438611799807073,false
20,96,0.02343652981377839,false
10,67,0.023410456066210814,false
13,83,0.023398156876508373,false
9,109,0.0233684552300197,false
23,102,0.023338988000603276,false
11,109,0.023306140627791464,false
1,64,0.02330580358323432,false
25,106,0.023303077148814796,false
24,83,0.023296454061285898,false
28,86,0.023285821510517855,false
2,97,0.023272484363607057,false
17,81,0.023233359062427152,false
14,77,0.02321527864555503,false
9,76,0.023196971844444414,false
10,68,0.02307886917405909,false
14,76,0.023039431698429164,false
12,81,0.02302724799765887,false
10,112,0.02299773226992072,false
10,73,0.022946697004337206,false
27,56,0.0229055033723086,false
13,56,0.022899101976489727,false
8,57,0.022847723423376865,false
8,78,0.02283427586587335,false
28,85,0.02277602156320521,false
12,97,0.022734618667338544,false
28,93,0.022690184324603676,false
2,95,0.022675112513527204,false
10,80,0.02267049510626453,false
8,71,0.022631553256520547,false
12,58,0.022505950097936198,false
13,81,0.022371186450142643,false
12,62,0.022315597963928086,false
28,88,0.022199094242442763,false
5,58,0.022187863943897348,false
10,69,0.02216096458365371,false
9,80,0.022077737233067544,false
13,67,0.022050941816594474,false
14,64,0.021983101202636718,false
15,68,0.021975937768246558,false
28,58,0.021962771512636182,false
11,53,0.02195381272197843,false
3,101,0.02191827925654521,false
11,52,0.021909390807276365,false
30,67,0.021882571582258835,false
23,93,0.021824150338787426,false
10,75,0.021810173730310158,false
4,113,0.021793522870956646,false
12,67,0.021778046378416092,false
16,63,0.021776639296344474,false
13,68,0.021738611153522238,false
28,94,0.021723768805924564,false
8,79,0.021722533741988525,false
24,104,0.02168297053339623,false
13,73,0.021614114611632262,false
10,72,0.02151908601783329,false
24,90,0.021477701750442064,false
12,68,0.021469581020230357,false
22,56,0.02144300436377764,false
28,62,0.021420055031676617,false
10,74,0.02140994842404515,false
12,73,0.021346625207921605,false
24,86,0.021337694130035785,false
3,83,0.021235920022101232,false
23,95,0.0212115540896281,false
10,70,0.02119358264877931,false
12,93,0.021173516193026404,false
20,101,0.021094845062440477,false
14,53,0.021090226203124608,false
10,76,0.021076705234922805,false
1,113,0.02106242294274634,false
5,92,0.021056143108535316,false
14,52,0.021047551691808192,false
10,77,0.020989009244269732,false
11,63,0.02098205306501305,false
2,83,0.020980543014265513,false
12,96,0.020964977191441747,false
13,69,0.020874011990696533,false
22,65,0.020873673165226782,false
24,85,0.0208705448246805,false
30,62,0.020709920616244118,false
23,99,0.020658343319834963,false
9,78,0.02063544841969691,false
18,53,0.02059312188112285,false
13,80,0.020585878909744365,false
3,71,0.020558465594399517,false
18,52,0.02055145322359911,false
13,75,0.020543592597114666,false
13,90,0.020536267699730437,false
19,98,0.020454264136753938,false
26,78,0.020450360782251202,false
13,86,0.020402397046060224,false
27,67,0.020389503977800462,false
13,88,0.02037207836957383,false
10,66,0.020291562909537368,false
12,75,0.020289351633160518,false
27,61,0.020271411950448785,false
13,72,0.020269409206872323,false
19,95,0.020206671161531856,false
13,74,0.020166609555134708,false
24,66,0.020159132368232795,false
23,112,0.020158112071005246,false
3,84,0.02015640090685041,false
13,112,0.020132831386057173,false
28,98,0.02011512571694428,false
27,68,0.02010070600490354,false
4,60,0.02007951704528114,false
17,110,0.020049946234526383,false
23,113,0.020034609072882386,false
12,72,0.02001856144929656,false
23,97,0.019998416623801165,false
27,73,0.01998558970931848,false
13,70,0.01996280877876385,false
13,85,0.019955724338617406,false
12,74,0.019917034013332707,false
2,84,0.019914005882430866,false
13,93,0.01988051610847208,false
2,94,0.019878462092314534,false
16,60,0.019869060814307834,false
22,112,0.019862725417108668,false
13,76,0.019852718781143364,false
13,77,0.019770115555389434,false
22,113,0.019741032168690206,false
19,99,0.019679668375173365,false
16,64,0.01967714552485259,false
26,67,0.019657793682523628,false
5,56,0.019643832820802967,false
27,70,0.01964336651430738,false
9,79,0.019630761545097287,false
4,59,0.019594644961203847,false
3,102,0.019542649080696226,false
12,77,0.019525446897143504,false
3,90,0.019473858702754906,false
26,79,0.01945468534836324,false
21,71,0.01942840412659373,false
16,59,0.01938927074246664,false
26,68,0.019379359691519247,false
12,99,0.01937624668267658,false
3,86,0.019346913620418772,false
27,69,0.019301250443492048,false
26,73,0.01926837453020432,false
12,76,0.019261568979077125,false
28,103,0.019212416879024613,false
26,66,0.019175842364690745,false
11,60,0.019144078325610155,false
12,112,0.019107816465678065,false
26,70,0.019051436536549313,false
27,75,0.018995726643383434,false
8,63,0.018978988633893124,false
4,81,0.018965343367032768,false
11,64,0.018959165643146186,false
1,60,0.01890816101300176,false
8,56,0.018889718103751094,false
20,103,0.01883356850904386,false
27,72,0.018742201720389626,false
15,63,0.01870410562537604,false
11,59,0.01868179483868441,false
19,96,0.018670047043483205,false
27,74,0.018647147553295353,false
26,69,0.018608593884676478,false
27,113,0.018559468046114934,false
7,66,0.018513829401236127,false
12,56,0.01849687945551608,false
8,80,0.01849650212540259,false
2,85,0.018496464411361064,false
23,100,0.018462119651474283,false
1,59,0.018451574362248733,false
23,98,0.018387339191311292,false
24,67,0.018382392361223666,false
20,106,0.018378363853939633,false
13,66,0.018368472782148756,false
27,76,0.018356907016717685,false
26,75,0.018314034299795216,false
27,77,0.018280527567073438,false
11,56,0.018269247858289556,false
23,94,0.018264594010342937,false
30,61,0.018262833375550094,false
17,107,0.01818291323134915,false
17,112,0.01812279360732795,false
24,68,0.018122023219497737,false
26,72,0.018069607528304547,false
24,73,0.0180182387961533,false
17,113,0.018011760424409683,false
26,74,0.017977964533583447,false
10,113,0.0179623604270814,false
25,94,0.017888802587109526,false
14,80,0.017839091106591678,false
14,57,0.017831250040541844,false
23,107,0.017810052689722456,false
11,57,0.017725098789453494,false
26,76,0.017698139747626872,false
12,103,0.01768538087963082,false
9,112,0.017677705282621557,false
23,106,0.017674151275045916,false
12,98,0.017658061366178632,false
9,71,0.01762678319680883,false
26,77,0.017624501297945794,false
19,100,0.01758748930728332,false
22,107,0.01754907329585819,false
14,71,0.017544271300603355,false
12,88,0.017528599108060018,false
24,69,0.017401264841989932,false
12,80,0.01739708410268207,false
9,63,0.01739649145933328,false
28,87,0.017340037089680894,false
3,91,0.017339309743454056,false
28,101,0.017324659421932717,false
8,60,0.017316477268564598,false
12,100,0.01731632489177329,false
28,106,0.017292091251447324,false
12,89,0.01724598966351564,false
8,64,0.01714921738756667,false
24,75,0.017125816337926106,false
15,60,0.017065673315818656,false
22,51,0.01699451807562449,false
28,105,0.016981052648460414,false
28,102,0.016936949855837984,false
15,64,0.01690083595059224,false
8,59,0.01689832595530584,false
24,72,0.01689724802096777,false
24,102,0.016851522470580724,false
24,70,0.016841387447652185,false
24,74,0.016811550840840257,false
22,57,0.01681040305003911,false
19,101,0.016804610273796282,false
24,76,0.016748511323626484,false
15,59,0.01665357831531824,false
23,56,0.01663494897153215,false
2,62,0.016624626806926217,false
5,81,0.016616080568984722,false
18,57,0.016538089700608195,false
24,98,0.01651141673144105,false
24,77,0.016481020365869636,false
14,78,0.01640918829605608,false
27,66,0.016118251525500924,false
30,68,0.016109760540986437,false
2,58,0.01606009192617182,false
17,97,0.016054756161757857,false
10,65,0.01602615079276947,false
24,89,0.01594803151738328,false
17,108,0.015905953705276185,false
13,87,0.015903325776423182,false
9,60,0.015872602840930672,false
10,71,0.01586183298225651,false
19,103,0.015833432798565056,false
16,61,0.01575579487754946,false
9,64,0.015719289345285638,false
26,61,0.015669209701257462,false
17,111,0.01561251996280745,false
14,79,0.015610267149852888,false
15,70,0.015602627353013342,false
10,57,0.01556657522751242,false
13,113,0.015540739745978962,false
9,59,0.01548931762536211,false
17,109,0.015458363876724722,false
19,106,0.01545074099415604,false
12,113,0.015434463881819831,false
4,53,0.015369126364876537,false
4,52,0.015338028075523709,false
4,110,0.01532765353959847,false
9,113,0.015253742631674273,false
16,68,0.015231955888250095,false
19,105,0.015172823371350725,false
12,83,0.01505909741165531,false
14,65,0.014990770008546683,false
19,102,0.014983229188513733,false
13,71,0.014940689545177691,false
9,110,0.01490582328324881,false
9,53,0.014840440180632625,false
27,51,0.014814918151408871,false
9,52,0.01481041164863257,false
12,71,0.014755788326262401,false
9,61,0.014739405981678336,false
26,56,0.01472926447874882,false
9,65,0.014725283038064788,false
9,108,0.01470756511414091,false
1,65,0.014606025323089682,false
24,80,0.014597113250196995,false
19,104,0.014582250978443581,false
27,57,0.014493169146872388,false
1,110,0.014451585548216113,false
9,111,0.014436239297782384,false
15,67,0.014405452316685913,false
12,92,0.014378986857717192,false
4,57,0.014315256704458924,false
12,84,0.014293574491179666,false
13,57,0.014212573335645422,false
26,80,0.014182999840397375,false
12,65,0.01416436251028561,false
15,73,0.014120081581773412,false
27,71,0.013814976768168242,false
13,65,0.0137236459625374,false
4,97,0.013720976146142885,false
7,67,0.013682055174942276,false
15,69,0.013636586903676686,false
12,87,0.013625766282596279,false
7,76,0.013539128822380755,false
15,61,0.013532760844824816,false
9,56,0.013520753738900868,false
15,66,0.013490685370694406,false
7,68,0.013488261848538198,false
12,110,0.013461959838260783,false
10,61,0.013454195382219786,false
16,65,0.013439730564239059,false
1,53,0.013438257506276379,false
30,107,0.013424902354727907,false
15,75,0.013420730326740377,false
30,112,0.013418138074050167,false
1,52,0.013411066187107901,false
7,73,0.013411014873357018,false
26,65,0.013365873202597483,false
14,56,0.013357962515798301,false
30,113,0.013335928972546297,false
26,71,0.013319204004824668,false
12,90,0.013311890061286465,false
12,108,0.013282906091317662,false
15,72,0.013241611639338508,false
12,86,0.013225113269605189,false
5,103,0.013187256273458892,false
15,74,0.01317445462202854,false
27,78,0.013127377110247057,false
27,65,0.01309101563711607,false
10,110,0.01306449637786795,false
23,57,0.013041092198846358,false
21,58,0.013040585511672627,false
12,111,0.013037862448072103,false
1,57,0.013031492773672212,false
4,107,0.01302383944204782,false
2,63,0.013010187292618651,false
3,58,0.013004631688762678,false
23,51,0.01299085859972695,false
2,92,0.012977569626789065,false
12,85,0.01293557390141055,false
15,77,0.012915432787283855,false
12,109,0.012909128211019546,false
10,108,0.012890729180781713,false
12,82,0.01288749421830994,false
6,58,0.012859862018566186,false
6,88,0.012844234492574632,false
12,78,0.012783046274873061,false
7,75,0.01274678286955219,false
12,61,0.012729851193855096,false
21,62,0.012718342907888518,false
6,81,0.012706731381002288,false
15,76,0.012703601921062456,false
3,62,0.012683277530784945,false
17,88,0.012679960580741974,false
1,107,0.012666986522796261,false
10,111,0.012652920434650824,false
4,112,0.012650488721517012,false
6,89,0.012637149947302834,false
7,72,0.012576658967156089,false
24,92,0.012551447861694674,false
6,62,0.012542085227220598,false
10,109,0.01252798706730407,false
7,74,0.012512874366990827,false
27,79,0.012488238904362682,false
24,84,0.012476891227354034,false
17,89,0.012475524584774652,false
24,103,0.012472689588875796,false
24,71,0.01245505156428301,false
10,54,0.012379011407785613,false
1,112,0.012343068697820345,false
7,77,0.012266859805519085,false
7,80,0.012263647846366741,false
7,97,0.012254430929181919,false
10,55,0.012239473563768767,false
1,97,0.01221736943627642,false
24,106,0.012171226466802042,false
12,79,0.012160672651167086,false
8,54,0.012100643196981538,false
11,65,0.012071103251571142,false
8,55,0.011964243156033035,false
5,97,0.011940467921305757,false
26,51,0.011899414318265049,false
11,54,0.011885164727883599,false
12,91,0.011852760593913542,false
4,108,0.01182544164340982,false
5,95,0.0117976202364849,false
2,64,0.011755870370017062,false
11,55,0.011751193588567022,false
12,63,0.011725742781471664,false
3,106,0.011672316430898898,false
4,111,0.011607285369220467,false
2,59,0.011583883095732196,false
26,57,0.011547116640831153,false
15,65,0.011543477238580128,false
12,57,0.01152494428530895,false
4,109,0.01149267647284583,false
3,105,0.011462362588792954,false
5,60,0.011386887701961787,false
21,61,0.011314265977524189,false
13,54,0.01130226815369071,false
24,82,0.011249520800708854,false
30,78,0.01123529645727026,false
13,61,0.011218836329513846,false
13,55,0.011174867501189947,false
6,83,0.011136604257099262,false
1,108,0.011113257202184807,false
5,59,0.0111119217274937,false
2,96,0.011104876086657814,false
3,104,0.011097574326581747,false
30,66,0.011070668692270259,false
13,110,0.010943003961478362,false
8,65,0.010929777255449764,false
17,94,0.010923519620920688,false
15,80,0.0109114087686658,false
1,111,0.010908239338290672,false
26,112,0.01083545302681448,false
1,109,0.010800532735740258,false
13,108,0.010797454139189687,false
26,113,0.01076906729931593,false
12,60,0.010698597393634594,false
30,79,0.01068827878877703,false
17,98,0.010687211816659362,false
28,104,0.010683041066077452,false
13,111,0.0105982622242688,false
12,64,0.01059525962469053,false
30,73,0.010585920825633968,false
6,101,0.010581745899933099,false
6,84,0.010570479636079296,false
24,93,0.010557864341893835,false
28,61,0.01052178844435935,false
13,109,0.010493616297303535,false
12,54,0.010447670514529148,false
12,59,0.010440251976100032,false
30,56,0.010406165289489526,false
6,106,0.01034453311680682,false
12,55,0.010329902998968183,false
24,97,0.010321897895546103,false
1,81,0.010320368579725991,false
18,54,0.010278867210961263,false
30,69,0.010223441589780677,false
17,57,0.01021927192200962,false
10,78,0.010216773875037662,false
18,55,0.010163002468430134,false
6,105,0.010158462555275742,false
28,56,0.010094427726326047,false
6,87,0.01007661765117179,false
30,75,0.010061612451619765,false
24,91,0.010037575396793508,false
17,83,0.010033723522210033,false
13,78,0.010032149768484804,false
24,78,0.010025790604049536,false
5,88,0.009994616095209137,false
14,54,0.009982908087194922,false
30,65,0.009976887673295916,false
21,56,0.00994818124775432,false
4,88,0.009941693862403293,false
30,72,0.009927325958142616,false
30,74,0.009876977887275465,false
17,93,0.009873020228588684,false
14,55,0.00987037943481567,false
5,89,0.009833475271251186,false
21,109,0.00982732001876261,false
4,89,0.009781406291048423,false
30,70,0.009777162608156722,false
15,71,0.00976046250593683,false
30,76,0.009723243952711192,false
10,79,0.00971934544972635,false
30,77,0.009682787462890304,false
21,65,0.009651095831841157,false
4,93,0.009642329105988862,false
26,107,0.009573316620367166,false
27,110,0.009567944635592135,false
13,79,0.009543710215758946,false
24,79,0.009537660662673605,false
6,82,0.009530645765256154,false
17,84,0.009523663382216354,false
15,56,0.009474990250834899,false
8,51,0.00946865509081907,false
28,78,0.009465249243329034,false
28,70,0.00946120347754312,false
27,108,0.009440684091204089,false
27,107,0.009435673208439951,false
6,102,0.009434834932205531,false
2,99,0.009434478413152252,false
21,53,0.009411352410821963,false
27,80,0.00939912190446359,false
21,52,0.009392309235983994,false
9,107,0.009381762978283668,false
19,66,0.009314059772982598,false
5,99,0.009311537864889537,false
7,71,0.009270322347636337,false
27,111,0.009266521930564318,false
16,56,0.009264659459249909,false
17,56,0.009223568932353704,false
23,60,0.009218400194982601,false
21,112,0.009183676728320576,false
6,104,0.009182341749606193,false
27,109,0.00917502544211668,false
11,51,0.009166778034461157,false
4,98,0.009149807407662748,false
17,51,0.009149515033466879,false
21,113,0.009127410962670323,false
28,67,0.00909841732183576,false
17,87,0.009078709561438091,false
4,101,0.009052787723509889,false
6,90,0.009029431798033997,false
28,79,0.009004410618154816,false
23,59,0.008995797982772016,false
28,65,0.008975110608199765,false
6,86,0.008970571251670488,false
28,68,0.008969546875454265,false
28,66,0.008967886676339814,false
5,110,0.008962481786633543,false
17,95,0.008922511978401906,false
28,73,0.008918178480278146,false
15,78,0.008852095462446065,false
21,66,0.008774334553435379,false
6,85,0.008774177203498285,false
6,93,0.008741109481813055,false
4,94,0.008718846751060215,false
17,99,0.008689807212914036,false
5,83,0.00866584024282069,false
9,57,0.008662004268664253,false
15,54,0.008625543842348928,false
4,83,0.008619953976612964,false
28,69,0.008612805468900002,false
17,82,0.008586806389904908,false
15,55,0.008528315578185832,false
19,67,0.008524964252751953,false
17,54,0.008521481995850655,false
5,93,0.008502404606045103,false
24,95,0.008502205291504791,false
28,75,0.008476471449290313,false
2,98,0.008469573978290876,false
15,53,0.008452729786093256,false
15,52,0.008435626313165223,false
5,61,0.008433008003388115,false
2,100,0.008431482942082288,false
9,54,0.0084256710424288,false
17,55,0.008425426730501959,false
15,79,0.008421109716803956,false
30,51,0.008404978688739944,false
19,68,0.008404216224850243,false
5,98,0.008381988872377623,false
28,72,0.008363340911470687,false
19,73,0.008356085465718468,false
17,53,0.008350752834196819,false
17,52,0.008333855704081131,false
9,55,0.008330695770743028,false
30,60,0.00832793779790591,false
29,58,0.0083244887276071,false
5,100,0.008321612412925925,false
28,74,0.008320924848708946,false
14,51,0.008301813988787913,false
16,54,0.008300042609492493,false
5,107,0.008293679997037383,false
24,99,0.008280462390707505,false
11,107,0.00826273624731457,false
5,94,0.008260728810544463,false
17,96,0.00824399610658965,false
4,92,0.008230652977110967,false
5,84,0.00822531587740122,false
16,55,0.008206483438018742,false
28,76,0.008191410686502138,false
4,84,0.008181762220350391,false
20,89,0.00816076055919906,false
30,57,0.00815799081854162,false
28,77,0.008157327851116239,false
28,51,0.008141177817063862,false
16,53,0.00813375001894313,false
30,59,0.008126838112737652,false
29,62,0.008118784396282832,false
16,52,0.008117291977958399,false
21,107,0.00811394270657068,false
4,102,0.00807159410699443,false
19,69,0.008069959438117367,false
6,91,0.008039706826637093,false
4,103,0.008031418928194931,false
19,75,0.007942218249458406,false
10,51,0.007933441782232611,false
1,98,0.00792729178649282,false
30,80,0.007918533743581648,false
7,88,0.007916136959656992,false
28,57,0.007913601833037912,false
19,70,0.007878113331363535,false
24,96,0.007855651804139744,false
4,104,0.007855583705183546,false
5,87,0.007841021979152787,false
19,72,0.007836218078583378,false
19,76,0.00783466746723111,false
5,112,0.007820999173545801,false
21,51,0.007820110686163988,false
4,87,0.007799503186768618,false
21,57,0.007798950816429783,false
19,74,0.007796475406204685,false
7,89,0.007788506961656912,false
5,113,0.007773082144270096,false
17,100,0.0077659790056362026,false
4,105,0.007696328545371945,false
8,107,0.007689602217274491,false
4,95,0.0076511043759152145,false
19,77,0.0076431895646124045,false
10,107,0.007616517048275093,false
22,66,0.00757079471524053,false
2,65,0.007498903224804282,false
22,78,0.007489899681185748,false
25,89,0.007457536650200685,false
10,63,0.007453090685734737,false
4,99,0.0074515587262337845,false
15,57,0.007427989208489136,false
5,82,0.007416179268467405,false
1,94,0.007410569623034589,false
4,82,0.007376910049716337,false
30,71,0.007317484867990348,false
12,107,0.007303882253601834,false
10,53,0.007294014204304684,false
10,52,0.007279255306571403,false
22,70,0.00726517841122076,false
16,57,0.007263098817180437,false
13,51,0.007243380222437853,false
22,67,0.0071996237231830955,false
15,51,0.007183073374421839,false
18,51,0.007171758728294409,false
2,88,0.00715326719533187,false
22,79,0.007125235742282808,false
22,68,0.0070976478860494555,false
16,78,0.00707353179185457,false
4,96,0.007069273186613691,false
16,66,0.007059353509738605,false
22,73,0.007056999814692668,false
2,89,0.007037936765541807,false
27,54,0.007028664130602231,false
17,90,0.0069920021154135995,false
19,80,0.006973438762285577,false
27,55,0.006949436104486516,false
17,86,0.0069464230497654515,false
3,88,0.006933748620683191,false
16,51,0.006929960012993989,false
28,80,0.006893515351498827,false
27,53,0.006887843797337616,false
27,52,0.006873906755352185,false
7,83,0.006863693170321852,false
3,89,0.006821957436788717,false
22,69,0.006815356603640841,false
10,60,0.006800218806685804,false
17,85,0.006794343978679973,false
19,63,0.006757913662605659,false
5,90,0.006739172576480711,false
10,64,0.006734535482605165,false
2,110,0.006732376185260055,false
16,79,0.006729139733887178,false
12,53,0.006723836805779097,false
12,52,0.006710231619798899,false
22,75,0.006707474803198126,false
28,112,0.006703530304907374,false
5,86,0.006695241641648687,false
28,113,0.006662459688385983,false
3,63,0.006660817033420495,false
13,53,0.0066595709251896845,false
4,100,0.006659370824843782,false
13,52,0.0066460957764609635,false
2,108,0.006642830740444852,false
10,59,0.006636009863933656,false
22,72,0.006617954035454503,false
22,74,0.006584389990093494,false
7,92,0.006553709773805941,false
5,85,0.006548661722421176,false
7,84,0.006514780197826778,false
22,76,0.0064819047773659495,false
1,95,0.006463702016165048,false
2,109,0.006455903032285748,false
22,77,0.006454934857047087,false
5,108,0.006372182335300628,false
23,110,0.006355327961502011,false
1,99,0.006295124572335762,false
23,108,0.006270797529214945,false
16,67,0.006269101265967459,false
16,112,0.0062660886386811596,false
16,110,0.0062654546773981915,false
5,111,0.0062546280317369125,false
16,113,0.006227698102372264,false
17,91,0.0062256018314896895,false
7,87,0.006210404011456468,false
5,109,0.00619287061015649,false
13,107,0.00619019709953006,false
16,108,0.006182119624421583,false
19,60,0.0061659375311733005,false
28,71,0.006164663155372156,false
30,110,0.006164258388835107,false
23,111,0.006155113577069977,false
1,101,0.00615154864423475,false
16,73,0.006144910924964574,false
2,93,0.006107943960194072,false
19,64,0.006106380730924042,false
23,109,0.0060943387488746475,false
30,108,0.006082269319271139,false
3,60,0.006077346320936916,false
16,111,0.006068071606214307,false
4,90,0.006032872565559819,false
3,64,0.006018645223325775,false
19,59,0.006017044956999909,false
16,109,0.0060081562196455714,false
5,91,0.006000485188981041,false
4,86,0.005993545819060931,false
22,80,0.00597875905795148,false
1,96,0.0059721672982236094,false
30,111,0.005970063343941004,false
6,103,0.005962427054672746,false
16,69,0.005934499128659241,false
6,63,0.005931233904936402,false
3,59,0.005930593011599494,false
28,107,0.005922688965961177,false
30,109,0.005911115678800445,false
7,82,0.005873911538703111,false
4,85,0.005862328230650187,false
2,112,0.005862018887202082,false
16,70,0.00584434597981648,false
16,75,0.005840560617740608,false
2,113,0.005826103970910708,false
19,71,0.0057761181061324555,false
16,72,0.005762610049770674,false
4,51,0.005737213589587948,false
16,74,0.005733384022501203,false
6,61,0.005683025929572311,false
1,100,0.0056258791557505785,false
16,77,0.005620660445593437,false
20,92,0.005614143775521951,false
2,87,0.005611913931164972,false
12,51,0.005593529371502943,false
20,84,0.005580795298978077,false
4,54,0.0055697747827355565,false
4,55,0.005506991549144423,false
1,102,0.00548480813890594,false
16,80,0.005469103102371903,false
1,103,0.005443531674290781,false
3,87,0.0054396962139204195,false
6,60,0.005411672827810875,false
15,112,0.005381986731788094,false
15,110,0.005381442218071462,false
4,91,0.005371603422501457,false
6,64,0.0053594014715101015,false
15,113,0.005349012835478164,false
1,104,0.005338024790507137,false
16,76,0.005334688543841256,false
15,108,0.005309865166536589,false
3,61,0.005307115023116148,false
6,59,0.005280993933669755,false
20,91,0.005262602383781024,false
13,63,0.005238700443456355,false
16,107,0.0052237901351530605,false
1,105,0.00521641425843247,false
15,111,0.005211908537422022,false
15,109,0.005160446798826066,false
25,92,0.005157664466727314,false
28,63,0.0051447720254084615,false
25,84,0.005127027514884407,false
20,82,0.005031804129438263,false
24,63,0.004906264025202565,false
22,71,0.004878129187626125,false
3,93,0.004862576607054615,false
6,65,0.0048476346561142445,false
25,91,0.00483470648466219,false
1,51,0.004827771599560163,false
9,51,0.004814671139837305,false
13,60,0.004779803544638244,false
7,98,0.004747193445916023,false
13,64,0.004733635414731072,false
1,88,0.004706550081184795,false
28,60,0.00469410301826278,false
13,59,0.0046643827752570685,false
28,64,0.004648762669873795,false
1,89,0.004630667490912517,false
25,82,0.004622674160054387,false
2,107,0.004597370614130026,false
28,59,0.004580751710648862,false
3,65,0.0045269817574065735,false
29,66,0.004512749733472606,false
1,93,0.0045026154995985845,false
29,78,0.004499172992587138,false
15,107,0.004486749361234156,false
24,64,0.004433249313334855,false
29,67,0.004324804602323714,false
29,70,0.004321548427752758,false
29,79,0.004280119838990986,false
29,68,0.00426354784964909,false
16,71,0.00424765057751922,false
29,73,0.004239130606076575,false
5,57,0.004220263335698254,false
2,90,0.004178929397257863,false
2,86,0.0041516880300224756,false
29,69,0.004093975843625298,false
1,83,0.004080818183495096,false
1,54,0.0040662098992988015,false
29,75,0.004029171386475787,false
1,55,0.004020375046742542,false
20,93,0.004012141240221112,false
29,72,0.003975396377777137,false
29,74,0.003955234499402511,false
27,63,0.003948694427885774,false
1,92,0.0038965171301564333,false
29,76,0.003893671765471431,false
25,93,0.003883985715576265,false
29,77,0.0038774709694293086,false
1,84,0.00387337149739149,false
5,51,0.0038001037635712566,false
4,106,0.0037946206054412695,false
1,56,0.003747946179569561,false
28,54,0.003741005407158975,false
2,91,0.0037208728029247324,false
28,55,0.00369883630239169,false
1,87,0.003692404218531527,false
20,100,0.003690146458530273,false
7,103,0.003674752995520293,false
28,53,0.0036660538063437976,false
28,52,0.0036586358178813394,false
26,63,0.003604355811724806,false
27,60,0.0036027987908102545,false
7,106,0.003585934741607563,false
27,64,0.00356799935165964,false
7,105,0.003521433339422418,false
27,59,0.0035157998578044503,false
7,94,0.00351562531336334,false
1,82,0.003492342157575977,false
25,100,0.0033901050680540793,false
29,80,0.003371552578978779,false
26,60,0.0032886233658462496,false
26,64,0.0032568585476163317,false
7,95,0.003237771711063534,false
6,112,0.0032206061843101184,false
26,59,0.0032092110143665167,false
6,113,0.0032008744496052877,false
7,99,0.003153328573463931,false
6,56,0.0030187155658918086,false
3,112,0.002995618116210995,false
7,96,0.0029915541099463636,false
3,113,0.0029772648191720642,false
5,54,0.0029614206094531388,false
29,71,0.002930285855556868,false
5,55,0.0029280390870150665,false
5,53,0.002902088106233333,false
5,52,0.0028962159458051843,false
6,107,0.002845463187890135,false
26,54,0.0028302372030862997,false
2,54,0.0028242823679232518,false
7,100,0.0028180928413464325,false
2,56,0.0028127270253475462,false
26,55,0.0027983343972510493,false
2,55,0.0027924466857728223,false
26,53,0.002773532978961939,false
26,52,0.0027679209403163015,false
2,53,0.002767697449808769,false
2,52,0.0027620972189243433,false
3,110,0.0026946812888267134,false
7,101,0.0026926499335292037,false
30,63,0.002690452956053878,false
3,108,0.0026588400898201153,false
3,107,0.0026466822041705407,false
3,111,0.0026097896894079083,false
3,109,0.002584020949641581,false
6,51,0.0024485404352658554,false
30,64,0.0024310654010294796,false
7,102,0.0024008049232426614,false
19,54,0.0023837760339427546,false
6,57,0.002366544561348409,false
19,55,0.0023569057971008856,false
7,104,0.0023365550576938217,false
19,53,0.0023360167258736045,false
19,52,0.0023312899689747688,false
2,57,0.002205058310098665,false
7,93,0.002184784487329278,false
3,56,0.00214767331310436,false
6,110,0.002144440652034301,false
6,108,0.002115918049199564,false
6,111,0.0020768834987766106,false
6,109,0.0020563766086535615,false
24,94,0.001995682404461989,false
29,56,0.0019040429358334772,false
29,61,0.0018377535224708196,false
19,110,0.001759187259087688,false
3,51,0.0017420206820061444,false
19,108,0.0017357888034319963,false
19,111,0.001703766894267416,false
2,51,0.0016910198280512927,false
19,109,0.001686944111228978,false
3,57,0.0016836844968461675,false
29,63,0.0016405048631273407,false
22,63,0.0016096136912362902,false
1,90,0.0015914706398119653,false
1,86,0.0015810962515363691,false
29,65,0.0015676081325914381,false
19,78,0.0015612063447420215,false
1,85,0.0015464810765739832,false
29,51,0.0015444072212524812,false
30,54,0.0015323130533850037,false
6,54,0.001517735574772805,false
30,55,0.0015150406191990445,false
30,53,0.0015016129330159133,false
6,55,0.0015006274598422162,false
30,52,0.0014985745304172077,false
29,60,0.0014968007895100916,false
29,57,0.001492688647212571,false
29,112,0.0014916861854079877,false
6,53,0.0014873275163600388,false
19,79,0.0014851952258556128,false
6,52,0.0014843180192443215,false
29,113,0.0014825470499816437,false
29,64,0.001482343188345128,false
22,60,0.0014686156060859648,false
29,59,0.0014606566473665506,false
1,106,0.0014558674463338727,false
22,64,0.0014544302456517403,false
21,63,0.0014415553344515968,false
22,59,0.0014331520683910335,false
3,54,0.0014303777715346812,false
1,91,0.0014170279651566377,false
3,55,0.0014142543652468384,false
3,53,0.0014017199397278067,false
3,52,0.0013988836632054856,false
29,107,0.0013179314345047452,false
21,60,0.0013152787359717478,false
21,64,0.0013025744566055797,false
21,59,0.0012835179152102224,false
29,54,0.0012388637032540821,false
29,55,0.0012248990687216284,false
29,53,0.0012140428843445397,false
29,52,0.0012115863584491989,false
28,110,0.001143057264609319,false
28,108,0.0011278537809666807,false
28,111,0.0011070470841763596,false
28,109,0.0010961162385465404,false
29,110,0.0010319209091778562,false
24,100,0.0010290785976938735,false
29,108,0.001018195618985554,false
22,110,0.0010124895457604907,false
29,111,9.99411900852067E-4,false
22,108,9.990227066755976E-4,false
29,109,9.89543831675094E-4,false
22,111,9.805926912824416E-4,false
22,109,9.709104406470837E-4,false
21,110,9.067763984080372E-4,false
21,108,8.94715620205959E-4,false
21,111,8.782098665902433E-4,false
21,54,6.670437824502419E-4,false
21,55,6.595247772403906E-4,false
23,54,5.105161558547371E-4,false
23,55,5.047615506300474E-4,false
23,53,5.002878885953263E-4,false
23,52,4.992755930913471E-4,false
22,54,4.6288366495247067E-4,false
22,55,4.5766597942731947E-4,false
22,53,4.536097217464566E-4,false
22,52,4.5269187605729856E-4,false
24,54,2.474211075061089E-4,false
24,55,2.4463214425465336E-4,false
24,53,2.424639887466548E-4,false
24,52,2.4197338081614057E-4,false
26,110,1.2146404716158977E-4,false
26,108,1.1984848798414031E-4,false
26,111,1.1763751773928538E-4,false
26,109,1.1647597947676425E-4,false
